{
  "tiers": [
    {
      "label": "conservative   (current)",
      "initial": 10000,
      "final": 21255.698324723046,
      "multiplier": 2.1255698324723045,
      "cagr": 0.26725632901044793,
      "monthly": 0.019949371980427566,
      "sharpe": 1.372769504730768,
      "max_dd": 0.15877553030185207,
      "calmar": 7.089063600244042,
      "n_trades": 150,
      "hit_rate": 0.4066666666666667,
      "profit_factor": 1.5787084855904667,
      "avg_pos_pct": 0.017504886548634677,
      "mc_ruin_prob": 0.0,
      "mc_p10_final_mult": 2.2222609935977538,
      "mc_p50_final_mult": 2.2222609935977555,
      "mc_p90_final_mult": 2.2222609935977573,
      "mc_p99_final_mult": 2.2222609935977586
    },
    {
      "label": "moderate       (Kelly 1\u00d7)",
      "initial": 10000,
      "final": 38767.82236594779,
      "multiplier": 3.876782236594779,
      "cagr": 0.5305477049960052,
      "monthly": 0.036133517039451,
      "sharpe": 1.511471259462974,
      "max_dd": 0.2872755742762218,
      "calmar": 10.014016137093122,
      "n_trades": 125,
      "hit_rate": 0.4,
      "profit_factor": 1.5267178310039626,
      "avg_pos_pct": 0.043012656193684606,
      "mc_ruin_prob": 0.0,
      "mc_p10_final_mult": 4.308562376289715,
      "mc_p50_final_mult": 4.308562376289719,
      "mc_p90_final_mult": 4.308562376289721,
      "mc_p99_final_mult": 4.308562376289724
    },
    {
      "label": "aggressive     (10% pos)",
      "initial": 10000,
      "final": 51611.14736160218,
      "multiplier": 5.1611147361602185,
      "cagr": 0.6744895017838526,
      "monthly": 0.04392952617557455,
      "sharpe": 1.8082845382635173,
      "max_dd": 0.34759245025978824,
      "calmar": 11.971246018290183,
      "n_trades": 128,
      "hit_rate": 0.421875,
      "profit_factor": 1.6228778559971113,
      "avg_pos_pct": 0.053544801955204266,
      "mc_ruin_prob": 0.0,
      "mc_p10_final_mult": 8.444771050054918,
      "mc_p50_final_mult": 8.444771050054923,
      "mc_p90_final_mult": 8.444771050054928,
      "mc_p99_final_mult": 8.444771050054934
    },
    {
      "label": "full_kelly     (20% pos)",
      "initial": 10000,
      "final": 45091.18314782431,
      "multiplier": 4.509118314782431,
      "cagr": 0.6049410125131749,
      "monthly": 0.04024281302989352,
      "sharpe": 1.5744122422971978,
      "max_dd": 0.37605853265108563,
      "calmar": 9.331308852492542,
      "n_trades": 146,
      "hit_rate": 0.4041095890410959,
      "profit_factor": 1.4542018297197825,
      "avg_pos_pct": 0.056176831675244135,
      "mc_ruin_prob": 0.0,
      "mc_p10_final_mult": 5.6125034774495,
      "mc_p50_final_mult": 5.612503477449503,
      "mc_p90_final_mult": 5.612503477449508,
      "mc_p99_final_mult": 5.612503477449511
    },
    {
      "label": "yolo           (30% pos)",
      "initial": 10000,
      "final": 51572.06962310483,
      "multiplier": 5.157206962310482,
      "cagr": 0.6740911489812953,
      "monthly": 0.04390881256688983,
      "sharpe": 1.6298127661746489,
      "max_dd": 0.4465520215241167,
      "calmar": 9.309569237021059,
      "n_trades": 173,
      "hit_rate": 0.4046242774566474,
      "profit_factor": 1.423925094093772,
      "avg_pos_pct": 0.06192447534949993,
      "mc_ruin_prob": 0.0002,
      "mc_p10_final_mult": 6.9554751239031,
      "mc_p50_final_mult": 6.955475123903105,
      "mc_p90_final_mult": 6.955475123903111,
      "mc_p99_final_mult": 6.955475123903116
    },
    {
      "label": "high_conviction (filter+10%)",
      "initial": 10000,
      "final": 173829.93018361134,
      "multiplier": 17.382993018361134,
      "cagr": 2.034244309741684,
      "monthly": 0.09698754035843415,
      "sharpe": 1.8998881448051441,
      "max_dd": 0.4427340934913848,
      "calmar": 37.00413692825292,
      "n_trades": 58,
      "hit_rate": 0.46551724137931033,
      "profit_factor": 2.26936723708688,
      "avg_pos_pct": 0.11462099934622426,
      "mc_ruin_prob": 0.0,
      "mc_p10_final_mult": 14.201609470896564,
      "mc_p50_final_mult": 14.20160947089657,
      "mc_p90_final_mult": 14.201609470896576,
      "mc_p99_final_mult": 14.201609470896582
    },
    {
      "label": "high_conviction_full (filter+25%)",
      "initial": 10000,
      "final": 75058.55207992863,
      "multiplier": 7.505855207992863,
      "cagr": 1.1965129143659325,
      "monthly": 0.06782395512008899,
      "sharpe": 1.5676897899015436,
      "max_dd": 0.582184029748981,
      "calmar": 11.174911841532271,
      "n_trades": 56,
      "hit_rate": 0.48214285714285715,
      "profit_factor": 1.5878408711151606,
      "avg_pos_pct": 0.14023953420547683,
      "mc_ruin_prob": 0.0014,
      "mc_p10_final_mult": 4.17010783296733,
      "mc_p50_final_mult": 4.170107832967332,
      "mc_p90_final_mult": 4.170107832967334,
      "mc_p99_final_mult": 4.170107832967335
    }
  ]
}