{
  "tiers": [
    {
      "label": "max_pos=0.05  gross=0.50  K=1.0",
      "final": 54647.23137099313,
      "mult": 5.4647231370993135,
      "cagr": 0.7048265066638342,
      "monthly": 0.045493875431532604,
      "sharpe": 1.949776489402634,
      "max_dd": 0.22674821350437918,
      "n_trades": 98,
      "hit_rate": 0.5918367346938775,
      "profit_factor": 2.4327805078232516,
      "days": 1162,
      "bootstrap": {
        "ruin": 0.0,
        "p01": 1.1741438663837303,
        "p10": 2.586418178244078,
        "p25": 4.3127961217980735,
        "p50": 8.68825915969104,
        "p75": 18.514347035737412,
        "p90": 40.788597991061245,
        "p99": 172.31926894570057
      }
    },
    {
      "label": "max_pos=0.10  gross=0.80  K=1.0",
      "final": 101755.31330367379,
      "mult": 10.17553133036738,
      "cagr": 1.072465853824546,
      "monthly": 0.06265962631907152,
      "sharpe": 1.9580179130338278,
      "max_dd": 0.3346632254524806,
      "n_trades": 78,
      "hit_rate": 0.5641025641025641,
      "profit_factor": 2.26746570281936,
      "days": 1162,
      "bootstrap": {
        "ruin": 0.0,
        "p01": 0.9872012113059248,
        "p10": 3.3705514937159626,
        "p25": 7.908411356254121,
        "p50": 23.432268269420472,
        "p75": 83.51593160454246,
        "p90": 288.8356086066858,
        "p99": 2820.798943272508
      }
    },
    {
      "label": "max_pos=0.15  gross=1.00  K=1.0",
      "final": 111949.20640201631,
      "mult": 11.19492064020163,
      "cagr": 1.1355599420385984,
      "monthly": 0.0653207312238866,
      "sharpe": 1.9372522475045628,
      "max_dd": 0.36911340904955137,
      "n_trades": 72,
      "hit_rate": 0.5972222222222222,
      "profit_factor": 2.13219483891542,
      "days": 1162,
      "bootstrap": {
        "ruin": 0.0,
        "p01": 0.7672813935972389,
        "p10": 3.562231236207457,
        "p25": 9.775444791120373,
        "p50": 35.33230059530193,
        "p75": 139.60396643435894,
        "p90": 601.9504430019671,
        "p99": 8764.185103293737
      }
    },
    {
      "label": "max_pos=0.20  gross=1.20  K=1.0",
      "final": 101524.89353391505,
      "mult": 10.152489353391505,
      "cagr": 1.0709905742666752,
      "monthly": 0.06259651974103897,
      "sharpe": 1.9106295200412677,
      "max_dd": 0.41296533528919016,
      "n_trades": 82,
      "hit_rate": 0.5975609756097561,
      "profit_factor": 1.947767262739295,
      "days": 1162,
      "bootstrap": {
        "ruin": 0.0,
        "p01": 0.5059763663204612,
        "p10": 2.784854411165289,
        "p25": 8.094762561744597,
        "p50": 30.907676464280655,
        "p75": 126.82751000316193,
        "p90": 566.3843491468418,
        "p99": 8025.828748130686
      }
    },
    {
      "label": "max_pos=0.25  gross=1.50  K=1.0",
      "final": 207472.52196966577,
      "mult": 20.747252196966578,
      "cagr": 1.5922401154922112,
      "monthly": 0.08267817095406471,
      "sharpe": 2.136398578509323,
      "max_dd": 0.4718375208984509,
      "n_trades": 100,
      "hit_rate": 0.55,
      "profit_factor": 1.9777106037371552,
      "days": 1162,
      "bootstrap": {
        "ruin": 0.0002,
        "p01": 0.846672986690643,
        "p10": 6.1214784387845596,
        "p25": 21.915502565395897,
        "p50": 93.28138929097085,
        "p75": 503.6367792771913,
        "p90": 2178.0627915173395,
        "p99": 36685.67237182597
      }
    },
    {
      "label": "max_pos=0.30  gross=2.00  K=1.0",
      "final": 118697.52445344356,
      "mult": 11.869752445344357,
      "cagr": 1.175187682553791,
      "monthly": 0.0669554916269246,
      "sharpe": 1.8751481982015528,
      "max_dd": 0.45036651546554124,
      "n_trades": 110,
      "hit_rate": 0.5636363636363636,
      "profit_factor": 1.8464387167832075,
      "days": 1162,
      "bootstrap": {
        "ruin": 0.0014,
        "p01": 0.2333469108901025,
        "p10": 1.768095700796791,
        "p25": 5.997492064279797,
        "p50": 23.997160994713692,
        "p75": 117.2223040710486,
        "p90": 478.5117980707168,
        "p99": 7908.772437708126
      }
    },
    {
      "label": "max_pos=0.40  gross=2.50  K=1.0",
      "final": 71693.51572794923,
      "mult": 7.169351572794922,
      "cagr": 0.8565979297295252,
      "monthly": 0.05295626625052141,
      "sharpe": 2.8028659925907156,
      "max_dd": 0.3930713943770753,
      "n_trades": 129,
      "hit_rate": 0.5813953488372093,
      "profit_factor": 1.7970868529642459,
      "days": 1162,
      "bootstrap": {
        "ruin": 0.0004,
        "p01": 0.5683452158163665,
        "p10": 3.7094295134205906,
        "p25": 11.445903440955462,
        "p50": 37.8395211580897,
        "p75": 127.62340077725632,
        "p90": 406.50404795696306,
        "p99": 2454.574096970652
      }
    },
    {
      "label": "max_pos=0.50  gross=3.00  K=1.0",
      "final": 60225.54679353048,
      "mult": 6.022554679353048,
      "cagr": 0.7576797001012296,
      "monthly": 0.04815932641842302,
      "sharpe": 2.7901718742101633,
      "max_dd": 0.3937154572311889,
      "n_trades": 134,
      "hit_rate": 0.5746268656716418,
      "profit_factor": 1.7330734617889856,
      "days": 1162,
      "bootstrap": {
        "ruin": 0.0016,
        "p01": 0.33639688204639023,
        "p10": 2.0802160673243275,
        "p25": 6.100279469548509,
        "p50": 21.649658341513355,
        "p75": 81.69879520472465,
        "p90": 256.06682855347543,
        "p99": 2322.0556975474406
      }
    },
    {
      "label": "max_pos=0.25  gross=1.50  K=0.5",
      "final": 134840.20760544488,
      "mult": 13.484020760544489,
      "cagr": 1.264079330417951,
      "monthly": 0.07052543536870148,
      "sharpe": 2.0177361568092778,
      "max_dd": 0.4216571299413661,
      "n_trades": 114,
      "hit_rate": 0.5614035087719298,
      "profit_factor": 1.881142072155836,
      "days": 1162,
      "bootstrap": {
        "ruin": 0.0002,
        "p01": 0.4844373040967909,
        "p10": 3.371164564376005,
        "p25": 10.881123044674576,
        "p50": 44.51038770708236,
        "p75": 196.1961164058171,
        "p90": 760.8859157823467,
        "p99": 9289.578326176084
      }
    },
    {
      "label": "max_pos=0.25  gross=1.50  K=0.7",
      "final": 123152.78663322415,
      "mult": 12.315278663322415,
      "cagr": 1.2005100878369772,
      "monthly": 0.0679858781951741,
      "sharpe": 1.9032129006274627,
      "max_dd": 0.3868609055720993,
      "n_trades": 106,
      "hit_rate": 0.5471698113207547,
      "profit_factor": 1.907723884301914,
      "days": 1162,
      "bootstrap": {
        "ruin": 0.0,
        "p01": 0.49918376095069544,
        "p10": 3.072497223395735,
        "p25": 8.934668418900566,
        "p50": 35.98055483803365,
        "p75": 157.05573167061473,
        "p90": 589.0142263621566,
        "p99": 7433.720336642507
      }
    },
    {
      "label": "max_pos=0.25  gross=1.50  K=1.2",
      "final": 287040.49574467546,
      "mult": 28.704049574467547,
      "cagr": 1.8705146928135425,
      "monthly": 0.09192444951472134,
      "sharpe": 2.2979508002364093,
      "max_dd": 0.4353439528363704,
      "n_trades": 94,
      "hit_rate": 0.574468085106383,
      "profit_factor": 2.3196213009869235,
      "days": 1162,
      "bootstrap": {
        "ruin": 0.0,
        "p01": 2.0681800936848105,
        "p10": 13.696251513110312,
        "p25": 46.29333235067708,
        "p50": 214.8492528631692,
        "p75": 1171.5820230509346,
        "p90": 5551.342076100291,
        "p99": 122941.81047228548
      }
    }
  ]
}