{
  "tiers": [
    {
      "label": "edge>=0.05",
      "final": 127125.78038859258,
      "mult": 12.712578038859258,
      "cagr": 1.2225666752559858,
      "monthly": 0.06887455809958354,
      "sharpe": 1.8973660721457961,
      "max_dd": 0.40352010126677634,
      "n_trades": 90,
      "hit_rate": 0.4111111111111111,
      "profit_factor": 1.7054211591078687,
      "avg_pos_pct": 0.07705972643141026,
      "days": 1162,
      "bootstrap": {
        "ruin_prob_at_5pct": 0.0016,
        "n_simulated_trades": 90,
        "p01": 0.15043642051101602,
        "p05": 0.46073364045331905,
        "p10": 0.8225501398715526,
        "p50": 12.917962257858521,
        "p90": 319.1845713469415,
        "p99": 6271.5045169618425,
        "mean": 2141.898632023448
      }
    },
    {
      "label": "edge>=0.1",
      "final": 116866.64995709583,
      "mult": 11.686664995709583,
      "cagr": 1.1645924211380345,
      "monthly": 0.06652109697061692,
      "sharpe": 1.9942724459072152,
      "max_dd": 0.23036629743268733,
      "n_trades": 83,
      "hit_rate": 0.5662650602409639,
      "profit_factor": 2.769929637282272,
      "avg_pos_pct": 0.07853381702376577,
      "days": 1162,
      "bootstrap": {
        "ruin_prob_at_5pct": 0.0,
        "n_simulated_trades": 83,
        "p01": 1.0716729083001364,
        "p05": 2.254192495966535,
        "p10": 3.5945325906217835,
        "p50": 26.95771253364928,
        "p90": 293.15835278443853,
        "p99": 2869.7045401171445,
        "mean": 235.91436831073943
      }
    },
    {
      "label": "edge>=0.15",
      "final": 71065.03309957497,
      "mult": 7.106503309957497,
      "cagr": 1.143129317543698,
      "monthly": 0.06563512648448278,
      "sharpe": 1.526171307338676,
      "max_dd": 0.4169945017510791,
      "n_trades": 67,
      "hit_rate": 0.5074626865671642,
      "profit_factor": 2.0606627840750527,
      "avg_pos_pct": 0.07959506013220925,
      "days": 939,
      "bootstrap": {
        "ruin_prob_at_5pct": 0.0,
        "n_simulated_trades": 67,
        "p01": 0.3377955354108576,
        "p05": 0.6959002319805814,
        "p10": 1.0909263649686116,
        "p50": 6.734250947879106,
        "p90": 72.37818123283245,
        "p99": 682.7120930130926,
        "mean": 48.99160433108366
      }
    },
    {
      "label": "edge>=0.2",
      "final": 26826.374734959303,
      "mult": 2.68263747349593,
      "cagr": 0.46993996983328623,
      "monthly": 0.03264804747775929,
      "sharpe": 1.5659136230581392,
      "max_dd": 0.5051723439910035,
      "n_trades": 60,
      "hit_rate": 0.4666666666666667,
      "profit_factor": 1.53992524752983,
      "avg_pos_pct": 0.08884241440091178,
      "days": 935,
      "bootstrap": {
        "ruin_prob_at_5pct": 0.0,
        "n_simulated_trades": 60,
        "p01": 0.2750049860022748,
        "p05": 0.5480137571664482,
        "p10": 0.7912923959480255,
        "p50": 3.358930697790536,
        "p90": 17.240291398786066,
        "p99": 67.12163241725607,
        "mean": 7.618479000462776
      }
    },
    {
      "label": "edge>=0.25",
      "final": 6574.085985725869,
      "mult": 0.6574085985725869,
      "cagr": -0.15103925720225675,
      "monthly": -0.013562846384490679,
      "sharpe": 0.10788659666769965,
      "max_dd": 0.6945154378883834,
      "n_trades": 61,
      "hit_rate": 0.29508196721311475,
      "profit_factor": 0.8628239614127168,
      "avg_pos_pct": 0.09593933254468383,
      "days": 935,
      "bootstrap": {
        "ruin_prob_at_5pct": 0.0388,
        "n_simulated_trades": 61,
        "p01": 0.03422390177053078,
        "p05": 0.0667244664529086,
        "p10": 0.09620440775718647,
        "p50": 0.4249694519390303,
        "p90": 2.0122723905474764,
        "p99": 7.4221917183962764,
        "mean": 0.9106061429525495
      }
    },
    {
      "label": "edge>=0.3",
      "final": 14083.166856597058,
      "mult": 1.4083166856597058,
      "cagr": 0.16862543610742775,
      "monthly": 0.013080456791610073,
      "sharpe": 0.9249330675207417,
      "max_dd": 0.7866628628128107,
      "n_trades": 38,
      "hit_rate": 0.23684210526315788,
      "profit_factor": 1.2083901579027136,
      "avg_pos_pct": 0.09706611465063472,
      "days": 802,
      "bootstrap": {
        "ruin_prob_at_5pct": 0.0044,
        "n_simulated_trades": 38,
        "p01": 0.069935649143836,
        "p05": 0.15287062876342142,
        "p10": 0.22225836759885967,
        "p50": 1.0701759888611138,
        "p90": 6.631017453402612,
        "p99": 33.198308839724916,
        "mean": 3.0321136924707073
      }
    },
    {
      "label": "qtypes=['field']",
      "final": 17286.218709325276,
      "mult": 1.7286218709325276,
      "cagr": 0.2695695948482588,
      "monthly": 0.020104513635156085,
      "sharpe": 1.4447558794037294,
      "max_dd": 0.40911673285211153,
      "n_trades": 49,
      "hit_rate": 0.5918367346938775,
      "profit_factor": 1.3727777568721828,
      "avg_pos_pct": 0.09753154903884585,
      "days": 837,
      "bootstrap": {
        "ruin_prob_at_5pct": 0.0,
        "n_simulated_trades": 49,
        "p01": 0.436943878412967,
        "p05": 0.6970507791413623,
        "p10": 0.933387461077725,
        "p50": 2.3802235647840178,
        "p90": 5.952574684911764,
        "p99": 12.269450929381266,
        "mean": 3.0495100510074327
      }
    },
    {
      "label": "qtypes=['event']",
      "final": 32078.366842522006,
      "mult": 3.2078366842522006,
      "cagr": 0.5731512139832455,
      "monthly": 0.03850864963256306,
      "sharpe": 1.18448243541799,
      "max_dd": 0.4286094949812931,
      "n_trades": 51,
      "hit_rate": 0.4117647058823529,
      "profit_factor": 1.577293756237494,
      "avg_pos_pct": 0.08411255878536977,
      "days": 939,
      "bootstrap": {
        "ruin_prob_at_5pct": 0.0,
        "n_simulated_trades": 51,
        "p01": 0.18958572736841028,
        "p05": 0.3296552368089697,
        "p10": 0.48644426299049126,
        "p50": 2.4893443178265984,
        "p90": 23.44892170223115,
        "p99": 196.75357007219912,
        "mean": 15.331643707231569
      }
    },
    {
      "label": "qtypes=['event', 'field']",
      "final": 71065.03309957497,
      "mult": 7.106503309957497,
      "cagr": 1.143129317543698,
      "monthly": 0.06563512648448278,
      "sharpe": 1.526171307338676,
      "max_dd": 0.4169945017510791,
      "n_trades": 67,
      "hit_rate": 0.5074626865671642,
      "profit_factor": 2.0606627840750527,
      "avg_pos_pct": 0.07959506013220925,
      "days": 939,
      "bootstrap": {
        "ruin_prob_at_5pct": 0.0,
        "n_simulated_trades": 67,
        "p01": 0.3377955354108576,
        "p05": 0.6959002319805814,
        "p10": 1.0909263649686116,
        "p50": 6.734250947879106,
        "p90": 72.37818123283245,
        "p99": 682.7120930130926,
        "mean": 48.99160433108366
      }
    },
    {
      "label": "qtypes=['deadline', 'event', 'field']",
      "final": 71065.03309957497,
      "mult": 7.106503309957497,
      "cagr": 1.143129317543698,
      "monthly": 0.06563512648448278,
      "sharpe": 1.526171307338676,
      "max_dd": 0.4169945017510791,
      "n_trades": 67,
      "hit_rate": 0.5074626865671642,
      "profit_factor": 2.0606627840750527,
      "avg_pos_pct": 0.07959506013220925,
      "days": 939,
      "bootstrap": {
        "ruin_prob_at_5pct": 0.0,
        "n_simulated_trades": 67,
        "p01": 0.3377955354108576,
        "p05": 0.6959002319805814,
        "p10": 1.0909263649686116,
        "p50": 6.734250947879106,
        "p90": 72.37818123283245,
        "p99": 682.7120930130926,
        "mean": 48.99160433108366
      }
    },
    {
      "label": "ultra_a (edge>=0.20, 15% pos, 1.5\u00d7 Kelly)",
      "final": 23451.5480979544,
      "mult": 2.34515480979544,
      "cagr": 0.39477918795002953,
      "monthly": 0.02813787773177623,
      "sharpe": 1.3653485531008067,
      "max_dd": 0.6731264208952319,
      "n_trades": 46,