{
  "model": "claude-sonnet-4-6",
  "n_markets": 638,
  "n_news_docs": 710,
  "n_forecasts_cached": 638,
  "tiers": [
    {
      "label": "conservative_LLM",
      "final": 195769.19404050783,
      "mult": 1.9576919404050783,
      "cagr": 0.23582625332501417,
      "monthly": 0.0178153507326011,
      "sharpe": 1.9591136722212288,
      "max_dd": 0.22250911458637643,
      "n_trades": 67,
      "hit_rate": 0.582089552238806,
      "profit_factor": 1.7510017739678305,
      "avg_days_held": 117.88059701492537,
      "days": 1158,
      "bootstrap": {
        "ruin": 0.0,
        "p01": 0.8011588659461901,
        "p10": 1.2090258425612161,
        "p25": 1.600314934709822,
        "p50": 2.252359170926807,
        "p75": 3.1747570161954357,
        "p90": 4.309493163508232,
        "p99": 7.919945657578076
      },
      "edge_thr": 0.1,
      "max_pos": 0.05,
      "kelly": 0.5,
      "horizon": null
    },
    {
      "label": "moderate_LLM",
      "final": 211215.1838529338,
      "mult": 2.1121518385293383,
      "cagr": 0.2657645084643916,
      "monthly": 0.019849183697126405,
      "sharpe": 1.6777526012474822,
      "max_dd": 0.3770775499810623,
      "n_trades": 56,
      "hit_rate": 0.5535714285714286,
      "profit_factor": 1.5101202259085094,
      "avg_days_held": 106.17857142857143,
      "days": 1158,
      "bootstrap": {
        "ruin": 0.0,
        "p01": 0.3565025467230764,
        "p10": 0.8201883880268007,
        "p25": 1.3434654660800347,
        "p50": 2.406362595578014,
        "p75": 4.424365510855648,
        "p90": 7.717749408395283,
        "p99": 24.38815858439784
      },
      "edge_thr": 0.1,
      "max_pos": 0.1,
      "kelly": 1.0,
      "horizon": null
    },
    {
      "label": "proper_LLM (matches rule-best)",
      "final": 422781.5845004516,
      "mult": 4.227815845004516,
      "cagr": 0.5752551845702132,
      "monthly": 0.038624411372028655,
      "sharpe": 2.0998077449105113,
      "max_dd": 0.4363203085327059,
      "n_trades": 55,
      "hit_rate": 0.509090909090909,
      "profit_factor": 1.6879560891264644,
      "avg_days_held": 102.18181818181819,
      "days": 1158,
      "bootstrap": {
        "ruin": 0.0004,
        "p01": 0.18223747726873696,
        "p10": 0.7451047502566995,
        "p25": 1.8621124785320258,
        "p50": 5.282181193237678,
        "p75": 16.382169912231586,
        "p90": 44.32680883799953,
        "p99": 300.91218148316324
      },
      "edge_thr": 0.1,
      "max_pos": 0.25,
      "kelly": 1.2,
      "horizon": null
    },
    {
      "label": "aggressive_LLM",
      "final": 491046.2348432109,
      "mult": 4.910462348432109,
      "cagr": 0.6513564266933092,
      "monthly": 0.04271909722327649,
      "sharpe": 2.1492516993597186,
      "max_dd": 0.4435887573603255,
      "n_trades": 60,
      "hit_rate": 0.5333333333333333,
      "profit_factor": 1.7362031597995826,
      "avg_days_held": 105.85,
      "days": 1158,
      "bootstrap": {
        "ruin": 0.0044,
        "p01": 0.12449164195708264,
        "p10": 0.6054400386033808,
        "p25": 1.7310204908849545,
        "p50": 5.552389356522489,
        "p75": 17.829625268127874,
        "p90": 54.89077250412071,
        "p99": 418.4358301340453
      },
      "edge_thr": 0.1,
      "max_pos": 0.3,
      "kelly": 1.5,
      "horizon": null
    },
    {
      "label": "LLM_edge>=0.15",
      "final": 680369.293577912,
      "mult": 6.803692935779121,
      "cagr": 1.307514005077684,
      "monthly": 0.07222330754693274,
      "sharpe": 2.480030014106345,
      "max_dd": 0.4722713058972425,
      "n_trades": 52,
      "hit_rate": 0.6153846153846154,
      "profit_factor": 1.957699865751657,
      "avg_days_held": 82.3076923076923,
      "days": 837,
      "bootstrap": {
        "ruin": 0.0002,
        "p01": 0.3769446815636268,
        "p10": 1.6121439517592182,
        "p25": 3.898576293927002,
        "p50": 10.600014355900363,
        "p75": 30.02946351780619,
        "p90": 83.33379299133506,
        "p99": 490.3337166193807
      },
      "edge_thr": 0.15,
      "max_pos": 0.25,
      "kelly": 1.2,
      "horizon": null
    },
    {
      "label": "LLM_edge>=0.20",
      "final": 1876137.6628229264,
      "mult": 18.761376628229264,
      "cagr": 2.5912600408990496,
      "monthly": 0.11251548945134826,
      "sharpe": 3.117295193887198,
      "max_dd": 0.3462235216543457,
      "n_trades": 45,
      "hit_rate": 0.6888888888888889,
      "profit_factor": 3.2551183058407314,
      "avg_days_held": 89.15555555555555,
      "days": 837,
      "bootstrap": {
        "ruin": 0.0,
        "p01": 2.1100855672577676,
        "p10": 8.684025297962846,
        "p25": 22.21903465852031,
        "p50": 59.812928322745485,
        "p75": 168.71342538048228,
        "p90": 484.455299158579,
        "p99": 2848.2791771928055
      },
      "edge_thr": 0.2,
      "max_pos": 0.25,
      "kelly": 1.2,
      "horizon": null
    },
    {
      "label": "LLM_short<=60d",
      "final": 650846.3821110174,
      "mult": 6.5084638211101735,
      "cagr": 1.299620073571786,
      "monthly": 0.07191692226885871,
      "sharpe": 1.8843805734117687,
      "max_dd": 0.5406987480310476,
      "n_trades": 90,
      "hit_rate": 0.5,
      "profit_factor": 1.6705003356144337,
      "avg_days_held": 27.566666666666666,
      "days": 821,
      "bootstrap": {
        "ruin": 0.0208,
        "p01": 0.06013779997170975,
        "p10": 0.4175557200592192,
        "p25": 1.4220547716884162,
        "p50": 5.855038578855943,
        "p75": 25.643758421303104,
        "p90": 100.15470450415525,
        "p99": 1109.7016909242814
      },
      "edge_thr": 0.1,
      "max_pos": 0.25,
      "kelly": 1.2,
      "horizon": 60
    },
    {
      "label": "LLM_short<=30d",
      "final": 110006.57926927095,
      "mult": 1.1000657926927095,
      "cagr": 0.0433112703664873,
      "monthly": 0.0035422669463924805,
      "sharpe": 1.0262365073035014,
      "max_dd": 0.7761088048612069,
      "n_trades": 81,
      "hit_rate": 0.43209876543209874,
      "profit_factor": 1.0271251135105293,
      "avg_days_held": 22.950617283950617,
      "days": 821,
      "bootstrap": {
        "ruin": 0.1754,
        "p01": 0.007150910677698485,
        "p10": 0.043254840850221556,
        "p25": 0.12387636240168161,
        "p50": 0.4308107668507388,
        "p75": 1.5484591294453258,
        "p90": 4.847285974439141,
        "p99": 40.89035628123128
      },
      "edge_thr": 0.1,
      "max_pos": 0.25,
      "kelly": 1.2,
      "horizon": 30
    },
    {
      "label": "LLM_high_conv_short",
      "final": 1278426.656802675,
      "mult": 12.78426656802675,
      "cagr": 2.104600280430759,
      "monthly": 0.09908663486681535,
      "sharpe": 2.1456663019038897,
      "max_dd": 0.5480427279468759,
      "n_trades": 86,
      "hit_rate": 0.5232558139534884,
      "profit_factor": 1.933200909702014,
      "avg_days_held": 26.5,
      "days": 821,
      "bootstrap": {
        "ruin": 0.0118,
        "p01": 0.09207020591176762,
        "p10": 0.6672550968060801,
        "p25": 2.340932884060836,
        "p50": 9.913899920830756,
        "p75": 41.27043646175619,
        "p90": 158.2224726699332,
        "p99": 1757.4023559283214
      },
      "edge_thr": 0.15,
      "max_pos": 0.25,
      "kelly": 1.2,
      "horizon": 60
    }
  ],
  "llm_usage": {
    "calls": 0,
    "tokens_in": 0,
    "tokens_out": 0,
    "estimated_cost_usd": 0.0
  }
}